{"IcoMoonType":"selection","icons":[{"icon":{"paths":["M877.714 768v73.143c0 20-16.571 36.571-36.571 36.571h-804.571c-20 0-36.571-16.571-36.571-36.571v-73.143c0-20 16.571-36.571 36.571-36.571h804.571c20 0 36.571 16.571 36.571 36.571zM877.714 475.429v73.143c0 20-16.571 36.571-36.571 36.571h-804.571c-20 0-36.571-16.571-36.571-36.571v-73.143c0-20 16.571-36.571 36.571-36.571h804.571c20 0 36.571 16.571 36.571 36.571zM877.714 182.857v73.143c0 20-16.571 36.571-36.571 36.571h-804.571c-20 0-36.571-16.571-36.571-36.571v-73.143c0-20 16.571-36.571 36.571-36.571h804.571c20 0 36.571 16.571 36.571 36.571z"],"attrs":[{}],"width":878,"isMulticolor":false,"isMulticolor2":false,"tags":["bars","navicon","reorder"],"grid":14},"attrs":[{}],"properties":{"order":15,"id":0,"name":"bars, navicon, reorder","prevSize":28,"code":59648},"setIdx":0,"setId":3,"iconIdx":0}],"height":1024,"metadata":{"name":"icomoon"},"preferences":{"showGlyphs":true,"showQuickUse":true,"showQuickUse2":true,"showSVGs":true,"fontPref":{"prefix":"icon-","metadata":{"fontFamily":"icomoon"},"metrics":{"emSize":1024,"baseline":6.25,"whitespace":50},"embed":false},"imagePref":{"prefix":"icon-","png":true,"useClassSelector":true,"color":0,"bgColor":16777215,"classSelector":".icon","name":"icomoon"},"historySize":50,"showCodes":true,"gridSize":16}}